"","AlignID","Factor","tmean","FoundIn","Spectra","10_QC","21_QC","32_QC","44_QC","55_QC","65_QC","66_QC","9_QC","11_Callo_52_9mg_3","12_Brote_14_5mg_1","13_Brote_50 _ 1mg_3","14_Brote_44_2 mg_2","15_Brote_76_08mg_1","16_Brote_25_ 3 mg_1","17_Brote_33_5 mg_3","18_Brote_6_6mg_2","19_Brote_22_3mg_2","20_Brote_6_6mg_1","22_Brote_76_08mg_2","23_Brote_50 _ 1mg_2","24_Brote_33_4mg_1","25_Brote_44_2 mg_3","26_Brote_6_8mg_1","27_Brote_12_5mg_2","28_Brote_24_ 8mg_3","29_Brote_25_ 3 mg_3","30_Brote_33_4mg_2","31_Brote_22_3mg_3","34_Brote_14_5mg_2","35_Brote_76_08mg_3","36_Callo_40_2mg_1","37_Brote_27_8 mg_1","38_Callo_40_2mg_3","39_Callo_52_9mg_1","40_Brote_6_6mg_2","41_Brote_12_5mg_3","42_Callo_56_2mg_2","43_Brote_33_5 mg_2","45_Callo_52_9mg_2","46_Brote_33_4mg_3","47_Brote_12_5mg_1","48_Brote_6_8mg_3","49_Brote_27_8 mg_2","50_Brote_24_ 8mg_1","51_Brote_33_5 mg_1","52_Brote_14_5mg_3","53_Brote_24_ 8mg_2","54_Brote_44_2 mg_1","57_Brote_27_8 mg_3","58_Brote_22_3mg_1","59_Callo_40_2mg_2","60_Brote_50 _ 1mg_1","61_Callo_56_2mg_3","62_Callo_56_2mg_1","63_Brote_6_8mg_2","64_Brote_25_ 3 mg_2"
"1",1,"Factor #1",54.1566,56,"50,7 51,50 52,11 53,6 54,6 55,17 56,15 57,16 58,7 59,9 60,13 61,15 62,5 63,21 64,0 68,5 70,9 71,5 72,5 73,32 74,16 75,9 76,16 77,124 78,18 79,55 80,5 81,8 82,6 83,0 84,19 85,11 87,17 88,10 89,6 90,17 92,11 93,10 96,65 97,29 98,16 102,13 103,5 104,0 105,8 106,0 108,14 109,0 110,12 111,0 112,11 113,8 114,11 115,35 116,11 118,5 119,0 121,0 122,7 124,10 126,0 127,10 128,14 129,7 130,13 132,6 135,1000 136,68 137,7 138,10 139,10 140,8 142,7 146,0 147,13 148,0 149,7 150,8 153,7 154,0 155,7 156,28 158,12 160,6 161,9 162,5 164,0 165,9 168,6 171,9 172,0 173,16 174,10 176,0 177,0 179,15 180,8 181,0 182,8 183,0 185,6 186,0 187,6 189,0 190,0 191,18 192,17 194,7 195,6 197,10 198,5 199,9 201,0 203,0 204,0 205,19 206,0 207,17 208,57 209,35 210,13 211,0 212,0 213,0 214,5 216,7 217,9 218,0 220,0 221,11 223,6 224,13 225,0 226,0 227,9 229,0 230,5 231,0 234,0 237,0 238,0 239,5 240,0 241,0 242,0 243,8 244,0 249,14 250,6 251,0 252,8 254,13 255,10 256,6 258,0 259,0 260,9 261,0 262,0 263,5 264,12 265,5 266,0 267,17 268,21 269,14 270,15 271,0 272,0 276,6 277,0 278,0 279,0 280,9 281,12 283,18 284,6 285,0 286,0 287,0 288,0 289,5 290,0 291,5 292,0 293,9 294,6 295,6 297,8 298,0 299,0 300,0 301,8 303,6 305,6 306,0 307,0 308,0 309,0 310,0 311,16 312,11 313,15 314,0 315,6 316,5 317,0 318,9 322,6 323,5 324,9 325,10 326,8 327,0 329,0 330,6 332,7 333,6 334,9 335,8 338,10 339,0 340,0 341,14 342,0 343,21 344,7 346,0 347,7 348,7 350,0 351,6 353,0 354,0 355,12 356,7 357,19 358,8 359,11 360,6 364,5 369,9 370,66 371,23 373,5 374,9 375,6 376,0 378,11 379,7 380,0 382,9 383,7 384,6 385,0 386,6 387,5 388,10 389,14 390,9 394,5 396,8 397,0 398,8 400,0 401,0 402,0 403,0 405,22 406,8 407,13 408,6 409,0 410,0 413,0 414,0 415,12 416,12 418,12 419,8 422,0 425,0 426,7 429,10 431,10 432,8 433,6 439,5 441,0 447,0 451,0 452,10 453,8 454,0 459,5 465,0 467,9 468,6 470,5 471,7 477,0 478,0 479,11 480,6 489,7 490,6 491,6",28.29423,127.9895,327.2734,69.28199,156.1439,12.77446,114.6026,69.9279,286.559,152.379,27.49939,187.3516,384.1592,2997,2670.077,120.0561,51.54278,39.20529,140.0303,104.3261,331.9792,113.7484,331.2007,297.4347,670.7412,4159,3726.735,85.72299,13.12158,230.9503,123.3089,46.36761,12.36317,83.53474,634.442,74.06766,848.6637,450.8495,116.6128,329.9263,101.1722,639.6393,116.7743,114.4661,130.4995,84.46153,179.0956,40.0378,8.233473,5.45631,9.220291,7.98028,52.12965,45.51094,21.58791,2799
"2",4,"Factor #4",54.3231,56,"51,0 52,0 53,34 55,779 56,44 57,620 58,10 59,5 63,0 65,20 67,492 69,346 71,230 72,18 77,52 78,36 79,603 80,75 81,454 82,14 83,119 84,23 85,118 91,548 92,86 93,698 95,1000 97,409 98,35 100,0 101,0 103,19 105,226 106,218 107,24 108,108 109,238 110,26 113,8 114,0 115,55 116,28 117,190 118,68 120,174 121,424 122,6 123,213 124,112 125,138 126,16 127,12 128,26 129,60 130,34 131,121 133,16 135,280 136,10 138,32 145,297 146,56 147,9 148,45 149,84 150,8 151,52 154,0 155,18 156,8 157,65 158,12 159,146 160,30 161,234 163,90 167,5 168,0 169,14 170,9 172,26 173,88 174,36 175,41 176,16 178,15 179,21 180,0 187,32 189,22 190,12 192,19 194,0 195,6 197,8 198,12 200,23 202,8 203,15 204,6 205,53 206,17 207,22 208,10 211,10 212,6 214,44 215,26 217,22 218,10 219,24 220,16 221,12 222,6 225,0 227,30 228,40 232,28 233,22 234,18 235,0 238,0 239,8 240,0 242,8 244,0 247,14 252,0 253,16 254,12 256,26 257,8 260,26 265,8 266,0 267,0 269,0 272,8 273,44 275,11 276,15 277,0 282,8 283,11 284,12 285,8 288,55 291,5 297,0 298,0 299,5 300,0 311,8 312,0 331,0 340,26 342,12 343,12 344,5 353,0 355,8 356,6 357,22 359,0 369,8 387,6 388,0 398,0 399,12 403,0 404,0 429,0 461,0",130.03,9031.423,12678.61,12850.99,13464.53,11260.21,10204.39,12155.86,9574.945,9337.087,20993.54,11795.94,10921.05,22228.58,10695.4,14229.38,16553.74,21599.8,15323.46,24806.22,14033.47,15555.05,12318.72,6613.561,8202.899,1925.834,10628.44,14513.34,23325,22994.6,21853.65,9826.238,17989.11,10489.75,10277.98,16476.14,8717.937,16962.59,18201.02,10387.64,14537.16,8102.588,7303.309,18750.13,2336.085,17145.12,23929.87,2300.569,12155.39,14470.06,18184.88,12696,12311.07,17203.15,17348.79,6994.082
"3",3,"Factor #3",54.3234,56,"51,0 52,0 53,55 54,12 55,812 56,50 57,387 58,16 61,0 65,24 66,16 67,518 68,30 69,492 70,49 71,440 72,13 76,0 77,119 79,344 80,26 81,959 82,73 83,58 84,22 85,260 86,11 87,12 89,0 90,0 91,583 92,119 93,741 94,108 95,723 96,81 97,434 98,16 99,26 101,0 102,0 104,21 105,867 106,240 107,1000 108,260 109,415 110,98 111,133 112,10 113,11 114,6 115,36 116,14 117,0 119,327 120,242 121,197 122,80 123,33 124,58 125,78 126,22 127,15 128,23 131,103 132,46 133,150 134,128 135,149 136,50 137,58 138,18 139,12 141,22 142,30 143,124 144,22 145,314 146,60 148,44 149,156 152,22 153,6 155,19 156,10 158,29 159,154 160,100 161,8 162,46 163,44 164,20 165,46 166,12 167,0 169,10 170,0 171,70 173,88 174,31 175,40 176,14 178,44 179,24 180,6 181,0 182,0 183,9 185,0 186,52 187,55 188,14 189,32 191,45 195,0 198,14 199,0 200,16 201,38 203,18 205,36 207,0 208,8 211,9 212,10 213,171 215,32 218,9 219,20 220,18 221,9 222,8 225,0 226,0 233,24 234,12 235,0 241,25 242,9 244,0 245,28 246,18 247,18 248,0 249,0 250,0 253,10 254,6 255,20 257,10 258,0 259,21 261,29 262,12 265,0 267,0 270,0 271,6 274,18 275,24 282,5 283,14 285,5 288,9 290,40 291,0 297,5 299,10 300,0 301,12 302,8 303,0 311,0 314,26 316,16 317,12 327,9 328,13 329,10 330,5 331,0 343,11 344,5 346,0 348,0 354,6 356,12 358,0 369,8 371,9 387,6 398,8 403,9 405,7 415,0 429,6 479,0",130.03,8963.055,12678.61,12850.99,13556.17,11260.21,10204.39,12155.86,9574.945,9337.087,20993.54,11795.94,10921.05,22228.58,10695.4,14229.38,16712.12,21599.8,15323.46,14130,14033.47,15555.05,12318.72,6613.561,8202.899,1982.026,10628.44,14513.34,21084.16,23002.11,21891.47,9826.238,17898.65,10489.75,10277.98,16702.51,8717.937,16962.59,18088.66,10387.64,14537.16,8102.588,18986,18750.13,2360.052,17145.12,23929.87,2301.291,12039.8,14470.06,18184.88,9924.085,12430.59,17203.15,17348.79,6994.082
"4",2,"Factor #2",54.324,56,"50,1 51,2 52,1 53,61 54,13 55,760 56,41 57,612 58,26 59,5 60,1 61,2 62,0 63,1 64,0 65,41 66,15 67,460 68,47 69,446 70,44 71,496 72,30 73,5 74,1 75,1 76,1 77,139 78,45 79,580 80,83 81,882 82,96 83,375 84,42 85,228 86,15 87,2 88,1 89,1 90,1 91,669 92,159 93,676 94,198 95,1000 96,134 97,395 98,30 99,43 100,5 101,2 102,2 103,32 104,36 105,848 106,222 107,937 108,248 109,553 110,80 111,183 112,18 113,17 114,7 115,52 116,23 117,258 118,131 119,522 120,339 121,451 122,134 123,263 124,102 125,127 126,10 127,21 128,44 129,99 130,48 131,266 132,86 133,301 134,120 135,263 136,93 137,90 138,28 139,19 140,1 141,20 142,20 143,180 144,64 145,415 146,102 147,220 148,77 149,154 150,35 151,62 152,20 153,5 154,2 155,12 156,11 157,110 158,110 159,265 160,189 161,258 162,69 163,244 164,46 165,35 166,10 167,5 168,1 169,13 170,5 171,110 172,40 173,161 174,58 175,72 176,29 177,76 178,128 179,42 180,6 181,1 182,1 183,13 184,7 185,109 186,46 187,90 188,23 189,60 190,19 191,62 192,14 193,16 194,1 195,5 196,1 197,17 198,8 199,137 200,39 201,61 202,14 203,29 204,9 205,65 206,12 207,14 208,8 209,7 210,1 211,8 212,2 213,308 214,78 215,55 216,12 217,32 218,15 219,36 220,31 221,13 222,2 223,1 224,1 225,2 226,0 227,57 228,63 229,69 230,17 231,179 232,52 233,36 234,18 235,2 236,0 237,0 238,1 239,10 240,1 241,41 242,14 243,5 244,1 245,25 246,35 247,26 248,5 249,1 250,1 251,1 252,1 253,10 254,5 255,220 256,54 257,15 258,2 259,26 260,27 261,65 262,19 263,2 264,0 265,8 266,1 267,1 268,2 269,7 270,1 271,9 272,15 273,186 274,61 275,25 276,12 277,1 278,1 279,0 280,1 281,15 282,2 283,20 284,6 285,6 286,1 287,12 288,94 289,278 290,68 291,8 292,0 293,0 294,1 295,0 296,0 297,6 298,1 299,5 300,7 301,20 302,12 303,1 304,1 308,0 309,0 310,0 311,5 312,2 313,6 314,32 315,435 316,120 317,16 318,1 321,0 322,0 323,0 324,1 325,11 326,7 327,10 328,17 329,5 330,2 331,2 332,1 333,1 335,0 336,0 337,0 338,0 339,11 340,58 341,33 342,12 343,19 344,7 345,2 346,5 347,0 348,0 349,0 350,0 351,0 353,11 354,9 355,6 356,6 357,13 358,7 359,1 361,1 363,0 365,0 366,2 367,266 368,80 369,12 370,1 371,6 372,1 373,0 374,1 376,0 377,0 380,0 381,8 382,308 383,97 384,24 385,227 386,66 387,12 388,0 389,0 392,0 393,0 394,0 395,0 397,0 398,5 399,11 400,525 401,157 402,28 403,5 405,2 406,1 407,0 408,0 411,0 412,0 414,0 416,1 417,1 418,0 419,0 420,0 426,0 427,0 428,0 429,6 430,1 431,1 432,0 433,1 435,0 441,0 449,0 451,0 453,0 455,0 456,0 463,1 465,0 466,0 467,0 468,0 470,0 471,0 478,0 479,1 480,1 481,0 482,0 489,0",130.03,8963.055,13374,13583,11434,11260.21,10204.39,12155.86,9518,21125,20993.54,11038,22880,22228.58,14577,14229.38,22115,21599.8,15323.46,25027.86,14033.47,15555.05,6819,8364,1979,1982.026,10628.44,21687,21084.16,22210,10348,18130,17989.11,10587,16847,16702.51,17078,16962.59,10867,10387.64,8463,7446,7264.611,2247,17282,24438,23929.87,2301.291,15062,18471,10276,9924.085,17366,17569,17348.79,6994.082
"5",10,"Factor #10",54.7718,56,"50,6 51,10 52,8 53,6 54,12 55,11 56,10 57,11 58,25 59,41 60,10 61,23 62,12 63,12 64,5 65,10 66,0 67,5 68,9 71,12 72,5 73,72 74,14 75,165 76,28 77,56 78,15 79,5 80,10 81,37 84,12 85,26 86,15 87,8 88,19 89,103 90,13 91,49 92,5 93,13 94,82 95,6 96,19 97,7 99,22 100,0 101,13 102,18 103,74 104,31 105,140 106,27 107,22 108,0 109,0 111,23 112,29 113,23 114,0 115,23 116,78 117,336 118,20 119,1000 120,103 122,5 123,5 124,0 125,8 126,0 127,23 128,9 129,75 130,26 131,37 132,17 133,567 134,341 135,35 136,15 137,9 138,5 139,5 140,8 141,6 142,27 144,5 145,10 146,16 147,38 148,0 149,10 150,22 151,40 152,16 153,0 154,0 155,8 156,16 157,20 158,8 159,0 160,0 161,16 162,24 163,0 164,18 165,11 166,0 167,14 168,17 169,5 170,0 171,7 172,14 173,7 174,0 175,0 176,0 177,132 178,0 179,11 180,10 181,6 182,5 183,0 184,8 185,22 186,36 187,13 188,6 189,0 190,21 191,80 192,9 193,18 194,10 195,16 196,6 197,5 198,0 199,7 200,0 201,0 202,10 203,6 204,6 205,13 206,10 207,200 208,28 209,20 210,13 211,6 212,0 213,0 214,0 215,0 216,0 217,0 218,11 219,15 220,9 221,7 222,16 223,8 224,0 225,8 226,0 227,0 228,0 230,9 231,0 232,0 233,8 234,0 235,7 236,0 237,10 238,5 239,0 240,0 241,0 242,0 243,0 244,0 245,0 246,7 247,5 248,5 249,26 250,11 251,14 252,0 253,33 254,30 255,15 256,0 257,0 259,6 260,0 261,0 262,7 263,8 264,12 265,32 266,6 267,20 268,11 269,13 270,10 272,0 273,5 274,0 275,7 276,6 277,0 278,0 279,12 280,6 281,83 282,46 283,17 284,12 285,13 286,5 287,9 288,0 289,0 290,0 291,6 292,0 293,26 294,0 295,11 296,0 297,11 298,6 299,9 300,5 301,0 302,0 303,5 304,0 305,8 306,8 307,10 308,7 309,8 310,5 311,11 312,7 313,0 314,0 315,5 316,6 318,5 319,6 320,0 321,8 323,0 324,0 325,10 326,7 327,7 328,20 329,5 330,5 331,0 332,24 333,7 334,6 335,6 336,18 337,13 338,0 339,0 340,5 341,20 342,14 343,27 344,10 345,12 346,8 347,12 348,8 349,0 350,0 351,0 352,0 353,52 354,12 355,27 356,29 357,7 358,13 359,8 360,7 363,0 364,0 365,0 366,0 368,0 369,0 370,0 372,0 373,10 374,7 375,0 376,0 377,6 378,5 379,0 380,0 381,0 382,0 383,0 384,0 385,8 386,0 387,20 388,7 389,0 390,0 391,8 392,14 393,8 395,0 396,0 398,0 399,0 400,8 401,22 402,5 403,24 404,15 405,7 406,36 407,5 408,7 410,0 411,5 412,5 413,0 414,0 415,21 416,0 417,19 418,6 419,7 420,5 421,0 422,0 424,0 428,0 429,18 430,0 431,16 432,8 434,0 439,0 441,0 442,0 449,0 451,7 452,8 453,12 455,18 457,0 459,0 461,8 462,6 463,0 464,0 465,7 466,0 467,13 468,0 469,44 470,22 471,10 472,0 475,6 476,0 477,0 479,0 480,5 481,5 482,5 487,0 488,0 490,0 491,11 492,0",238.3524,15226.38,22617.32,24085,22431.03,20374.28,19706.41,21873.17,15669.62,19985.03,33261.02,18493.4,18254.73,22015,20677.46,18318.24,37910.56,36481,36945.41,25164.51,22418.56,25184.65,10231,11362.95,17917.78,6143.474,21957.39,24226.41,27890.24,35689.8,22550.74,22914.58,23432.94,24538.82,25202.16,40557.67,18474.65,31401.82,25718.06,27192.89,26438.46,18174.57,12561.01,25159.13,6769.37,23636.47,40641.91,7146.662,22033.76,24428,24501.39,22642.8,21061.47,31879.86,13478,12885.12
"6",8,"Factor #8",54.772,56,"51,6 52,0 53,53 54,16 55,1000 56,0 57,212 59,0 61,0 65,8 66,6 67,359 68,10 69,28 70,40 73,0 75,0 77,20 79,36 81,221 82,92 83,856 84,36 85,42 86,8 87,5 91,290 92,41 93,312 94,52 95,22 96,127 97,97 98,38 99,6 100,0 101,6 103,24 105,28 106,42 107,316 108,83 110,14 111,64 113,0 115,20 116,8 117,150 119,28 120,48 122,12 123,204 124,23 126,0 127,6 128,30 130,25 131,78 133,123 134,55 139,36 140,7 141,15 143,75 144,17 145,124 146,27 147,82 149,40 150,6 153,0 154,0 156,14 157,38 162,10 163,38 167,0 169,8 171,23 173,76 175,23 177,38 178,6 179,8 180,8 182,0 183,12 184,11 185,0 186,11 187,31 188,7 189,38 190,0 193,6 197,18 198,8 199,14 201,11 202,6 205,10 206,0 207,13 208,0 216,8 219,5 221,0 223,0 225,12 227,22 228,10 231,19 233,0 239,18 241,21 243,10 252,0 253,33 259,0 268,14 270,22 274,0 281,14 287,0 293,0 296,8 297,0 301,22 302,0 310,0 311,0 312,0 314,18 315,0 328,10 329,0 331,0 337,0 342,0 346,0 354,0 355,6 356,0 377,0 406,0",51382,50932.58,66667.68,65061.75,67994.7,57136.17,52897.14,61667.58,52996.15,68398.5,114726.9,62248.53,61399.51,70267.29,66544.79,58583.46,114638.2,84453.54,112554.9,79898.69,69377.4,79197.17,66797.56,28644.91,16430,16508.72,65755.4,73877.83,80868.8,120923.6,71922.91,72056.87,70722.07,76117.02,77557.29,120207.6,52065.06,98588.79,77486.56,81820.62,74552.09,50623.11,30231.65,73168.58,16990.42,71185.79,127713.5,18357.21,64624.35,62460.7,75055.92,69903.97,61086.83,97488.89,100670.1,29789.85
"7",5,"Factor #5",54.772,56,"51,0 53,49 54,12 55,1000 56,44 57,201 58,8 59,0 60,0 61,0 65,28 66,10 67,350 68,44 69,587 70,63 71,121 72,7 73,0 74,0 75,1 76,0 77,97 78,22 79,363 80,56 81,753 82,136 83,900 84,85 85,75 86,6 87,1 89,0 90,0 91,377 92,67 93,406 94,99 95,470 96,112 97,471 98,50 99,11 100,2 101,0 103,15 104,16 105,420 106,66 107,401 108,80 109,305 110,116 111,64 112,11 113,1 114,7 115,26 116,13 117,123 118,38 119,245 120,80 121,218 122,72 123,255 124,69 125,22 126,3 127,3 128,23 129,43 130,23 131,117 132,36 133,263 134,39 135,102 136,20 137,88 138,23 139,33 140,5 141,10 142,11 143,69 144,28 145,201 146,41 147,171 148,26 149,61 150,11 151,76 152,11 153,0 154,0 155,11 156,9 157,64 158,50 159,209 160,42 161,90 162,20 163,63 164,13 165,13 166,17 167,1 168,0 169,18 170,7 171,45 172,18 173,70 174,19 175,47 176,22 177,30 178,11 179,1 180,3 181,0 182,0 183,16 184,8 185,56 186,18 187,51 188,14 189,30 190,6 191,11 192,0 194,0 195,0 196,0 197,26 198,10 199,72 200,18 201,28 202,7 203,20 204,2 205,8 206,0 207,1 208,0 209,1 210,0 211,47 212,20 213,101 214,25 215,40 216,10 217,29 218,7 219,6 221,0 225,23 226,14 227,34 228,19 229,45 230,25 231,33 232,10 233,5 237,0 239,29 240,19 241,38 242,11 243,24 244,12 245,17 246,11 249,0 250,0 253,47 254,22 255,184 256,41 257,24 258,41 259,13 260,0 265,0 267,42 268,11 269,8 270,39 271,158 272,88 273,41 274,8 281,18 282,32 283,31 284,7 285,35 286,12 295,13 296,8 297,0 299,51 300,113 301,34 302,5 309,14 310,3 311,0 313,10 314,40 315,9 316,0 327,11 328,2 341,0 346,0 351,91 352,31 353,7 354,0 355,0 365,5 369,35 370,11 379,57 380,17 383,0 384,0 394,36 395,12 396,0 397,28 398,9 407,0 410,0 411,6 412,239 413,75 414,13 429,0 470,0",222.231,65790,66667.68,65061.75,56525,57136.17,61152,51750,68573,115099,114726.9,62248.53,70582,70267.29,59088,110250,85033,110565,80548,69884,77191,66882,27953,28644.91,53014.66,65103,65755.4,79690,120817,70845,70994,72056.87,73915,76117.02,118613,51936,99216,98588.79,77486.56,74040,50987,30677,73621,16996,69044,126046,18808,64146,62299,73803,75055.92,69903.97,94911,99664,29726,67944
"8",6,"Factor #6",54.7721,56,"53,41 54,7 55,1000 56,30 57,149 58,9 65,6 66,0 67,250 68,10 69,306 70,25 71,66 72,0 77,42 78,17 79,206 80,32 81,709 82,59 83,326 84,24 85,36 86,0 91,228 92,37 93,181 94,19 95,108 96,98 97,134 98,0 99,8 100,0 103,14 104,0 105,190 106,26 107,58 108,20 109,63 110,20 111,31 112,5 113,0 114,5 115,14 116,0 117,77 118,9 119,113 120,8 121,43 122,22 123,24 124,14 125,8 126,0 127,0 128,9 129,28 130,17 131,62 132,6 133,65 134,17 135,59 136,7 137,24 138,0 139,12 140,0 141,6 142,0 144,10 145,0 146,8 147,0 148,11 149,40 150,8 151,0 152,0 155,9 156,6 157,14 158,19 159,6 160,11 161,9 163,19 164,10 165,5 166,5 167,0 169,5 170,0 171,18 172,12 173,14 174,12 175,12 177,8 178,0 179,0 180,0 183,10 184,0 185,9 186,0 187,9 188,5 189,0 190,0 191,8 197,25 198,0 199,10 201,5 202,0 203,0 204,0 205,0 207,0 211,8 214,5 216,0 217,5 218,0 219,0 225,9 226,8 227,6 229,8 230,6 231,0 233,0 239,6 240,0 241,0 242,0 244,0 246,0 253,13 256,0 259,0 268,0 269,8 270,8 274,0 281,14 283,6 284,0 286,0 295,5 296,0 309,5 310,0 313,0 314,0 327,0 328,0 365,0 370,0 411,0",234.758,50932.58,65417,65061.75,68038.93,57136.17,54202.41,61667.58,52996.15,68130.18,62457,62248.53,61399.51,67001,66544.79,58583.46,114638.2,84453.54,112554.9,79898.69,69377.4,79197.17,66797.56,51601,53014.66,16508.72,65755.4,73877.83,80868.8,120923.6,71922.91,72056.87,70722.07,76117.02,77557.29,120207.6,52065.06,77023,77486.56,81820.62,75224.3,50623.11,30231.65,73168.58,16990.42,71185.79,127713.5,18357.21,64624.35,62460.7,68387,69903.97,61086.83,97488.89,100670.1,29789.85
"9",7,"Factor #7",54.7727,56,"51,0 53,47 54,10 55,1000 56,20 57,127 58,0 65,12 66,0 67,157 68,20 69,496 70,28 71,60 72,5 77,41 78,14 79,208 80,28 81,125 82,75 83,588 84,10 85,64 86,0 91,138 92,35 93,71 94,13 95,104 96,49 97,222 98,34 99,9 100,0 103,10 104,5 105,24 106,12 107,100 108,0 109,19 110,8 111,25 112,9 113,5 114,0 115,26 116,11 117,97 118,26 119,67 120,0 121,75 122,16 123,42 124,19 125,5 126,0 127,0 128,23 129,9 130,19 131,41 132,16 133,44 134,16 135,58 136,0 137,43 139,7 140,0 141,6 142,0 143,22 144,7 145,63 146,10 147,17 148,7 149,26 150,6 151,18 152,0 153,0 155,6 156,0 157,30 158,0 159,8 160,0 161,12 165,10 166,7 167,0 169,5 170,0 171,14 172,5 173,0 174,5 176,9 177,16 179,0 180,0 183,0 184,0 185,21 186,0 187,5 188,6 189,7 190,5 191,10 197,9 199,5 203,5 204,0 205,0 211,13 212,0 216,0 217,0 219,0 225,5 228,0 230,6 231,0 232,5 239,7 240,9 242,0 243,5 245,7 246,0 257,6 267,0 268,0 269,0 274,0 281,13 282,0 283,5 284,0 295,0 296,0 302,0 327,0 328,0 395,0",222.231,50932.58,66667.68,65061.75,67994.7,54026,54202.41,61667.58,52996.15,68130.18,113340,62267,61399.51,70267.29,66544.79,58583.46,114638.2,84453.54,112554.9,79898.69,69377.4,79197.17,66797.56,28644.91,53014.66,16508.72,73193,73877.83,80868.8,120923.6,71922.91,72056.87,70722.07,75797,77557.29,120207.6,52065.06,98588.79,82427,81820.62,75224.3,50623.11,30231.65,73168.58,16789.21,71185.79,127713.5,18364.87,64624.35,62553.73,75055.92,69903.97,61086.83,97488.89,100670.1,29789.85
"10",9,"Factor #9",54.8338,56,"50,10 51,5 56,18 59,35 60,26 61,35 63,0 65,5 73,521 74,93 75,107 77,0 78,14 87,26 88,18 91,6 92,9 96,21 101,30 103,0 104,5 105,20 106,0 111,7 119,0 120,10 122,5 123,0 125,0 127,6 131,15 133,20 134,8 136,10 140,8 141,0 150,0 151,14 152,7 155,14 159,16 160,0 161,14 162,12 164,0 168,0 170,7 171,0 172,0 177,30 183,5 184,0 185,10 192,15 193,31 194,7 195,6 198,5 199,0 203,0 205,6 206,0 207,1000 208,150 209,143 210,7 214,0 217,0 219,0 221,0 222,8 234,0 235,7 236,14 239,6 240,5 241,8 244,0 249,35 250,32 251,44 253,6 256,8 257,5 258,0 260,5 262,17 263,8 264,0 265,28 266,23 267,9 268,0 269,0 271,0 273,0 276,10 277,18 278,5 279,0 280,0 285,0 289,11 290,11 291,8 293,11 294,14 295,0 296,0 297,0 300,0 304,11 305,6 306,16 307,9 308,0 311,6 312,0 315,16 317,16 321,7 324,5 325,11 327,34 329,15 331,51 332,37 333,46 334,10 335,6 337,0 338,0 341,83 342,36 343,40 344,31 345,10 346,40 347,29 348,14 349,0 353,10 355,34 356,8 357,25 358,12 359,16 360,0 361,0 362,0 373,6 374,13 375,7 376,0 377,0 382,10 384,0 386,22 387,9 389,0 390,9 391,6 392,14 399,6 401,34 402,20 403,0 404,27 405,41 406,48 407,37 408,19 409,17 415,12 416,23 417,14 418,23 419,14 420,20 425,8 426,5 428,0 429,30 430,21 431,10 432,16 433,12 435,10 439,6 440,0 449,12 450,0 451,10 452,11 453,12 455,22 456,0 459,0 461,5 463,10 465,14 467,29 468,6 469,18 470,5 471,8 475,0 477,12 478,6 479,15 480,0 489,0",62.96964,231.7142,800,196.0202,268.0052,245.7828,231.5037,101.5479,90.09554,1133,219.5026,196.3649,126.9865,55.29297,261.6964,64.88949,209.1529,1423,5112,282.5778,48.31014,296.9545,99.50287,205.6434,82.50214,137.7994,319.2132,512.748,1349,143.8064,435.5203,128.506,169.5732,161.9335,72.90802,400.3223,87.90614,83.4885,148.4277,219.9135,460.4797,212.2024,117.1184,467.372,251.0355,248.4383,97.8246,296.9069,198.1529,116.9992,168.6412,135.2992,1127,188.4646,293.1364,312.0944
"11",11,"Factor #11",55.1691,56,"50,14 51,11 52,36 53,15 54,29 55,71 56,46 57,15 58,12 59,26 60,14 61,18 62,15 64,19 65,15 66,20 68,78 69,16 70,16 71,15 72,10 73,143 74,8 75,25 77,12 78,16 79,25 80,43 81,62 82,92 83,89 84,20 85,41 86,18 87,18 89,11 90,22 91,37 92,9 93,30 94,239 96,44 97,27 99,0 100,6 101,16 104,24 105,107 107,48 108,17 109,42 110,0 111,21 112,10 113,14 114,6 115,27 116,22 118,37 119,1000 120,31 121,60 122,24 123,17 124,24 125,5 126,29 127,33 128,16 129,9 131,44 132,27 133,758 134,288 135,40 136,30 138,16 139,18 140,14 141,15 142,19 143,21 145,7 146,0 147,18 148,21 149,110 150,18 151,5 152,0 154,58 155,8 156,36 157,0 158,39 159,16 160,22 162,37 163,47 164,24 165,39 166,18 167,34 168,18 169,6 170,6 171,18 173,16 174,25 175,64 176,33 177,234 178,52 179,23 180,18 181,13 183,19 184,0 186,6 187,14 188,8 189,13 190,85 191,10 192,73 193,74 194,6 195,18 197,19 198,12 199,32 200,11 201,36 202,17 203,70 204,23 205,15 206,14 207,28 208,19 209,84 210,16 211,24 212,9 213,23 214,15 215,7 216,33 217,28 218,48 219,9 220,22 221,25 222,6 223,41 224,10 225,24 227,15 228,15 229,11 230,0 231,6 232,13 233,23 234,22 235,15 236,6 237,12 238,12 239,7 240,0 241,16 242,7 243,0 244,28 247,12 249,36 250,33 251,49 252,13 253,218 254,84 255,43 256,11 257,14 258,6 259,32 260,0 261,14 262,20 264,12 265,0 266,60 267,8 271,16 272,8 273,21 274,18 275,15 276,21 277,14 278,15 279,25 280,8 282,26 283,33 284,10 285,8 286,10 287,0 288,0 289,10 291,0 292,8 293,10 294,20 295,37 296,28 297,11 298,27 300,14 301,0 302,6 303,12 304,6 305,10 306,5 307,6 309,10 310,21 311,6 312,27 313,0 314,8 315,17 316,20 317,21 318,22 319,6 320,9 321,0 322,0 323,18 324,11 325,17 327,12 328,24 331,39 332,11 333,6 334,12 335,7 336,17 337,7 338,14 339,23 340,7 341,26 342,33 343,36 344,29 345,21 346,70 347,9 348,13 351,9 353,46 354,37 355,41 356,15 357,28 358,0 359,10 366,5 367,19 369,0 370,6 371,0 372,16 374,9 375,0 376,12 378,10 380,0 381,15 382,13 383,0 384,10 385,11 386,17 387,6 388,8 389,10 390,10 391,5 392,36 393,23 394,18 396,6 398,0 399,24 400,15 401,7 402,20 403,19 404,50 405,29 406,35 407,28 408,15 409,15 410,5 411,25 413,14 414,5 415,9 416,12 417,62 418,27 419,18 420,6 424,5 429,33 430,17 431,14 432,8 433,27 435,5 436,6 439,0 441,12 443,0 449,8 451,21 452,14 453,10 455,22 456,10 461,10 465,6 466,5 467,10 468,13 469,22 470,9 471,13 472,7 475,0 477,10 478,6 480,13 493,5",69.84206,149.1163,269.6154,525.321,515.3169,396.1121,446.8537,671.4197,173.5328,99.50874,121.1401,146.1818,30.64029,81.50811,176.8854,181.6541,568.7105,339.5295,390.988,263.7239,173.6084,299.0469,119.4314,533.7513,393.2618,202.4648,292.7398,222.7327,579.0881,348.3609,71.45472,167.431,223.821,140.223,1427,1427.404,533.1494,177.5969,180.1606,162.6686,395.3783,1335,1334.829,378.886,165.5568,134.3308,448.49,323.7527,172.5672,370.8829,844.1062,212.6415,140.274,32.32544,1675,1674.531
"12",12,"Factor #12",55.2666,56,"50,22 51,8 52,23 53,9 55,209 56,114 57,686 58,43 59,29 60,28 61,60 62,6 63,0 64,10 66,36 67,69 68,118 69,121 70,128 71,475 72,102 73,203 74,59 75,1000 76,27 78,28 79,32 80,0 81,165 82,383 83,264 84,48 85,206 86,42 87,39 88,40 89,28 90,16 91,41 92,40 93,93 95,226 96,290 97,179 98,68 99,90 100,14 102,32 103,31 104,32 105,7 106,14 107,14 108,46 109,122 110,62 111,170 112,13 114,32 115,63 116,28 117,13 118,52 119,36 121,46 122,64 123,100 124,67 125,70 126,35 127,39 128,23 130,17 131,49 132,14 133,0 135,95 136,43 137,44 138,11 139,28 140,7 141,32 142,13 143,17 144,0 145,8 146,17 147,43 149,79 150,18 151,17 152,12 153,25 154,25 155,0 156,12 158,5 159,28 160,29 162,17 163,15 164,13 165,54 166,10 168,0 169,11 170,10 171,16 172,5 173,8 175,8 176,26 177,23 178,0 179,0 180,9 181,7 182,12 183,0 186,28 187,25 188,14 189,39 190,5 191,54 193,28 194,21 195,32 196,26 197,50 198,31 199,9 200,9 201,6 203,36 204,22 205,14 206,27 207,128 208,124 209,41 210,30 211,20 212,6 213,26 214,15 215,6 216,11 217,8 218,6 219,52 220,26 221,49 222,11 223,0 224,17 225,13 226,24 227,36 228,10 229,14 230,0 231,0 233,20 234,33 235,10 236,11 237,0 238,14 239,24 240,26 241,13 242,9 243,15 244,8 245,29 246,12 247,20 249,33 250,5 252,10 253,69 254,61 255,29 256,24 257,13 258,11 259,30 260,6 261,8 262,6 263,32 264,6 266,9 267,68 268,16 269,20 270,16 271,20 272,16 273,0 274,12 275,7 276,14 277,0 278,7 279,11 280,13 281,43 282,16 283,92 284,21 285,8 286,16 287,9 288,20 289,7 290,6 291,8 292,17 293,12 294,0 295,26 296,16 297,20 298,15 299,13 300,0 301,14 302,6 303,8 304,0 306,10 307,15 308,0 312,16 313,24 314,15 315,15 316,15 317,12 318,9 319,19 321,0 322,13 323,0 324,33 325,33 326,13 327,49 328,10 330,6 331,16 332,37 333,14 336,15 337,6 338,12 340,5 341,10 342,7 343,22 344,10 345,22 346,17 347,37 348,0 349,0 350,13 351,24 353,0 355,19 356,62 357,54 358,5 359,7 365,0 366,8 367,12 368,17 369,16 370,20 371,8 372,21 373,15 374,9 375,8 376,13 378,22 379,16 380,15 381,32 382,44 383,17 385,21 387,24 388,8 389,14 390,47 391,23 393,9 394,20 395,13 396,5 400,12 401,18 402,5 403,15 405,38 406,43 407,26 408,26 409,11 411,41 412,0 413,20 414,8 415,45 416,0 417,44 418,19 419,25 420,22 425,0 426,25 427,0 428,6 429,60 430,36 431,5 432,17 433,15 441,5 449,0 450,17 451,19 452,20 453,13 454,0 455,19 456,9 459,0 461,8 462,14 463,15 464,13 465,24 466,20 468,0 469,12 471,0 474,0 475,7 476,0 478,5 480,25 481,20 482,5 487,13 489,16 490,5 491,8 493,10",60.95038,244.8608,517.6683,182.0098,178.2886,163.9384,153.6656,73.06606,264.6359,1332,1312.248,338.5844,338.3994,460.827,901.5767,279.7369,522.3221,47.38483,472.1749,401.1405,277.2706,68.79592,1981,1986.569,354.9037,297.2235,697.8881,35.06118,1099,1081.551,342.3777,73.39992,92.8149,83.5423,329.9269,419.6346,375.3711,247.2323,180.8128,268.9128,54.47886,197.1915,1076.733,64.38046,137.7242,218.0847,651.3759,197.9475,281.3788,38.17604,34.67305,48.18665,104.3946,232.9625,313.0477,803.4759
"13",13,"Factor #13",55.6332,56,"50,0 51,2 52,1 53,60 54,10 55,753 56,48 57,719 58,34 59,2 60,0 61,0 63,0 64,0 65,34 66,12 67,453 68,55 69,556 70,42 71,497 72,32 73,0 74,0 75,0 76,0 77,125 78,42 79,569 80,74 81,893 82,104 83,374 84,40 85,429 86,28 87,2 88,0 89,1 90,0 91,621 92,154 93,665 94,199 95,1000 96,107 97,333 98,34 99,103 100,10 101,1 102,1 103,27 104,34 105,840 106,214 107,946 108,242 109,537 110,103 111,254 112,25 113,28 114,5 115,42 116,26 117,242 118,121 119,500 120,344 121,459 122,142 123,256 124,95 125,134 126,13 127,19 128,41 129,91 130,43 131,257 132,83 133,295 134,114 135,261 136,94 137,101 138,37 139,31 140,2 141,21 142,21 143,176 144,67 145,403 146,103 147,235 148,70 149,166 150,35 151,57 152,14 153,8 154,2 155,12 156,7 157,112 158,115 159,265 160,188 161,264 162,75 163,265 164,46 165,30 166,3 167,2 168,1 169,12 170,5 171,106 172,41 173,156 174,47 175,70 176,29 177,80 178,136 179,40 180,7 181,1 182,1 183,12 184,7 185,107 186,44 187,94 188,25 189,63 190,22 191,76 192,20 193,10 194,1 195,1 196,0 197,16 198,7 199,136 200,41 201,61 202,14 203,30 204,9 205,51 206,7 207,3 208,2 209,0 210,1 211,6 212,7 213,315 214,84 215,56 216,16 217,36 218,14 219,29 220,6 221,12 222,1 223,1 225,2 226,0 227,55 228,69 229,72 230,17 231,191 232,55 233,33 234,35 235,15 236,1 239,10 240,2 241,43 242,15 243,8 244,0 245,22 246,33 247,34 248,15 249,1 250,1 251,0 252,0 253,2 254,3 255,242 256,55 257,14 258,1 259,16 260,16 261,16 262,2 263,0 265,0 266,1 267,1 268,0 269,10 270,1 271,7 272,16 273,199 274,60 275,66 276,18 277,0 280,0 281,2 282,1 283,22 284,8 285,6 286,0 287,18 288,23 289,19 290,13 291,1 293,0 294,0 296,0 297,6 298,1 299,1 300,1 301,20 302,101 303,275 304,66 305,8 307,0 310,0 311,2 312,0 313,6 314,1 315,8 316,5 317,0 324,0 325,1 326,1 327,5 328,30 329,450 330,130 331,11 332,2 333,0 339,13 340,2 341,15 342,20 343,6 344,5 345,1 346,1 353,10 354,61 355,26 356,14 357,19 358,6 359,1 366,0 367,18 368,15 369,1 370,9 371,19 372,8 378,0 380,1 381,258 382,81 383,14 385,6 386,3 387,0 389,0 390,0 392,0 395,9 396,315 397,102 398,22 399,230 400,70 401,11 402,0 403,0 405,1 406,1 407,0 409,0 412,1 413,13 414,554 415,176 416,29 417,1 422,0 428,0 429,1 430,0 431,0 450,0 451,0 452,0 453,0 455,0 461,0 465,0 466,0 467,0 470,0 481,0",15745,15524.76,21262.26,21700.74,19593,19438.09,16837.81,16643,14569,14467.27,12509,22527,43211,21223,25555,16449,16410.28,16740,46439,15181,29495,29330.93,18623,18152.1,6264,20018,28675,42633,26881,43809,18192,17386.37,18643,19068,17319,16722.88,18423,18299.15,19779,18940.65,28985.8,20226,31222,6931,29250,27494,26866.7,7195.902,25748,38102,17961,13026,19197,19692,19032.37,18738.27
"14",15,"Factor #15",55.6335,56,"51,7 53,68 54,10 55,652 56,35 57,728 59,6 65,13 66,13 67,245 68,41 69,576 70,32 71,350 72,11 73,0 77,134 78,12 79,455 80,59 81,808 82,38 83,130 84,15 85,337 86,12 87,7 90,0 91,629 92,0 93,216 94,118 95,1000 96,14 97,115 98,40 99,28 100,0 101,0 102,0 103,36 104,27 105,207 106,160 107,753 108,26 111,12 112,0 113,12 114,0 115,12 116,29 117,9 118,38 119,237 120,140 121,53 122,37 123,20 124,5 125,79 127,22 128,49 129,0 130,17 131,99 132,30 133,111 134,50 135,72 136,37 137,43 138,15 139,11 140,5 141,11 142,16 143,64 144,30 145,49 147,138 148,29 149,14 151,9 153,5 155,5 158,42 159,40 160,15 161,6 162,24 163,74 164,32 166,0 167,8 168,0 169,6 170,0 171,28 173,35 175,51 176,11 177,55 178,17 179,15 180,0 181,0 183,18 184,0 186,29 187,34 188,19 189,7 192,18 193,5 194,5 197,17 198,0 199,79 200,17 201,0 202,6 203,11 204,5 205,14 206,0 209,5 211,10 212,0 213,0 215,22 218,7 221,14 222,0 228,25 230,0 232,30 233,0 234,6 235,7 236,0 239,10 240,0 242,6 244,0 246,13 247,14 248,6 249,5 253,7 256,17 257,6 258,0 259,6 261,7 265,0 266,0 269,16 270,5 271,13 272,0 276,7 281,16 282,0 283,5 284,12 285,0 288,0 289,7 290,5 297,0 299,6 300,0 302,12 303,8 305,5 311,5 313,5 314,0 315,7 325,0 326,5 327,5 328,21 339,0 341,11 342,9 343,5 344,8 346,0 353,9 355,13 359,0 369,0 370,0 386,0 395,0 398,0 401,0 405,5 406,0 412,0 413,6 429,0",176.1098,15524.76,21262.26,21700.74,22803.92,19438.09,16837.81,20823.12,16533.13,14467.27,23646.03,12232.7,22392.07,42208.82,20906.34,25063.37,16410.28,41199.36,16744.36,46809.26,15117.26,25410,25111.14,18152.1,17056.28,5997.851,19372.33,28213.68,41580.76,26545.46,43246.05,17386.37,28900.04,18547.05,18716.63,16738.32,16705.19,18299.15,31986.77,29400,28985.8,16791.47,19895.78,30836.81,7025.326,29508,26866.7,7195.902,24377.31,24802.72,37787.9,17430.74,12853.56,18937.96,18993,18738.27
"15",14,"Factor #14",55.6336,56,"51,7 52,0 53,49 54,7 55,809 56,59 57,431 58,30 59,0 61,0 65,37 66,19 67,215 68,25 69,231 70,5 71,278 72,16 73,0 74,0 75,0 77,147 78,15 79,519 80,30 81,862 82,86 83,172 84,33 85,326 86,24 87,5 89,0 90,0 91,637 92,136 93,699 94,16 95,994 96,0 97,71 98,26 99,74 100,6 103,19 104,15 105,757 106,160 107,1000 108,173 109,308 110,0 111,195 112,9 113,0 114,8 115,39 117,196 118,27 119,74 120,256 121,314 122,12 123,80 124,18 125,72 126,6 127,8 128,33 129,15 130,37 131,211 132,32 133,193 134,46 135,193 136,88 138,27 139,26 140,0 141,33 142,18 143,73 144,25 145,110 146,63 147,87 148,28 149,78 150,15 151,40 152,19 153,12 155,0 157,55 158,75 159,96 160,71 161,17 162,41 163,65 164,12 165,24 167,0 168,0 169,6 170,7 171,77 172,18 174,71 175,59 176,12 178,42 179,20 180,0 183,12 185,84 186,18 187,44 188,30 189,0 190,10 192,29 193,12 197,28 198,5 200,17 201,45 202,13 203,12 204,9 206,8 207,22 208,0 209,7 210,0 211,0 212,6 216,8 217,10 218,6 219,21 220,0 221,21 226,0 227,21 229,52 232,0 233,26 234,12 235,7 236,0 239,5 240,0 241,0 242,6 245,0 246,12 248,6 249,7 251,0 253,9 254,0 258,0 259,14 267,7 268,0 269,9 275,10 281,6 284,8 285,7 287,6 289,21 291,0 297,0 301,7 302,6 304,18 314,5 317,0 325,5 326,0 327,0 331,8 339,7 340,5 341,8 342,6 343,12 344,0 345,0 353,9 354,20 355,37 356,22 357,8 359,0 369,0 370,0 371,7 372,0 385,0 386,0 395,9 403,0 413,6 429,0 430,0",176.1098,15524.76,22485,23452,22803.92,19438.09,21385,20823.12,16533.13,14377.05,23646.03,12232.7,22392.07,42208.82,20906.34,25063.37,16410.28,41060,16744.36,46809.26,15117.26,29330.93,25111.14,18152.1,17056.28,6047.405,19372.33,28213.68,41580.76,26455.51,43246.05,17386.82,28741.13,18547.05,18716.63,16738.32,16705.19,18234.58,31986.77,18940.65,28985.8,16791.47,19895.78,30836.81,7025.326,29508,26866.7,7069.806,24377.31,24802.72,37787.9,17450.04,12883.26,18937.96,19032.37,18738.27
"16",16,"Factor #16",55.6336,56,"51,0 53,32 54,6 55,763 56,27 57,652 63,0 65,0 66,18 67,258 68,44 69,554 70,27 71,490 72,18 77,83 78,9 79,302 80,62 81,760 82,104 83,364 84,22 85,215 86,34 91,638 92,161 93,662 94,212 95,1000 97,172 99,47 100,6 102,0 103,30 104,24 105,700 106,54 107,93 108,126 109,364 110,107 111,174 112,15 113,34 114,10 115,54 116,12 117,164 119,50 120,356 121,56 122,70 123,18 125,82 126,5 127,14 128,22 129,56 130,54 131,41 133,282 134,35 136,43 137,74 138,19 139,18 141,12 142,24 143,97 144,73 145,104 147,138 148,82 150,20 151,30 152,18 153,6 154,6 156,6 158,124 159,262 160,76 161,140 165,20 169,16 170,6 171,0 172,0 174,31 175,38 176,16 178,70 179,22 181,0 183,17 184,0 185,14 189,10 190,13 191,40 193,10 194,6 195,0 197,12 198,0 200,22 202,8 203,24 204,7 206,12 208,6 211,11 212,5 213,16 215,20 216,15 218,8 220,0 221,20 222,0 225,0 227,14 229,38 236,0 239,15 241,37 242,15 243,6 244,0 245,14 246,38 247,16 252,0 253,10 254,8 256,30 257,18 258,0 259,10 270,0 271,6 272,10 273,104 275,32 277,0 282,8 283,14 284,6 287,17 289,19 290,8 291,0 297,11 299,0 300,0 311,8 313,0 314,5 315,13 325,8 327,0 341,11 355,22 367,9 369,0 370,6 372,0 385,0 386,0 398,12 412,0 413,14 416,10 430,5",176.1098,15524.76,21262.26,21700.74,22803.92,19438.09,16837.81,20823.12,16533.13,14467.27,23646.03,12235.71,22392.07,42208.82,20906.34,25063.37,16410.28,41199.36,16744.36,46809.26,15117.26,29330.93,25111.14,18152.1,17056.28,6047.405,19372.33,28213.68,41580.76,26455.51,43246.05,17386.82,28900.04,18547.05,18716.63,16738.32,16705.19,32868,31986.77,18985.94,17351,16791.47,19895.78,30836.81,7025.326,29508,26866.7,7195.902,24370.56,24802.72,37787.9,17450.04,12853.56,18800.14,19032.37,18700.63
"17",17,"Factor #17",55.6355,56,"50,10 51,5 52,18 53,33 55,41 56,41 58,16 59,5 60,37 61,0 62,0 63,0 64,0 68,6 69,22 70,41 71,7 72,16 73,10 74,27 75,22 76,14 77,52 78,29 80,20 81,43 83,50 84,13 85,8 87,13 88,0 90,21 91,14 92,21 93,0 94,9 96,76 98,22 99,0 100,10 101,31 102,16 103,13 104,29 107,7 108,6 109,40 111,5 112,35 113,26 115,76 116,13 117,38 118,0 121,14 125,18 126,12 128,42 129,54 130,19 132,23 133,73 134,5 135,19 138,8 139,15 140,7 141,16 142,0 143,5 144,5 145,0 146,16 147,9 148,0 149,6 150,18 152,0 153,11 154,26 155,9 156,7 157,43 158,36 159,85 160,13 161,22 162,0 163,7 164,17 165,0 166,18 167,19 168,9 169,26 170,16 171,7 172,0 173,27 174,1000 175,166 176,7 177,25 179,16 180,10 181,19 182,7 183,19 184,10 185,8 186,31 187,161 188,36 189,21 190,19 191,32 192,30 193,0 194,7 195,38 196,14 197,5 198,27 199,0 201,5 202,11 204,6 205,31 206,6 207,28 208,25 209,43 210,14 212,8 214,16 218,16 221,44 223,40 224,8 225,12 227,9 228,9 231,6 234,8 235,24 237,6 238,14 239,26 240,6 242,17 243,0 244,9 245,0 246,0 247,7 248,7 249,38 250,13 251,14 252,9 253,25 254,66 255,17 256,35 257,16 258,10 259,6 260,9 261,8 264,7 265,17 266,11 267,18 268,18 269,124 270,31 271,24 272,7 275,0 276,22 277,11 278,7 279,16 280,0 281,124 282,5 283,70 284,13 286,13 287,0 288,9 289,9 290,10 291,0 293,5 294,0 295,32 296,20 297,0 299,0 300,5 304,6 305,11 306,7 307,15 308,0 309,0 311,20 312,0 313,14 314,5 315,16 318,0 321,0 322,8 323,5 324,0 325,14 326,24 327,17 328,23 331,22 333,8 334,17 335,7 337,7 338,0 339,9 340,13 341,0 342,7 343,25 344,9 345,0 346,0 347,13 348,11 349,7 350,6 351,0 352,0 353,10 354,32 355,100 356,6 357,30 358,15 359,7 365,0 366,5 368,12 369,18 370,0 371,0 372,8 373,6 374,0 375,13 376,12 377,22 378,0 379,0 380,9 381,21 382,0 383,10 384,9 385,5 386,5 387,0 388,6 389,10 391,6 392,9 393,12 394,65 395,27 396,145 397,39 400,8 401,12 404,0 405,37 406,9 407,18 408,7 409,9 410,5 411,5 413,6 414,9 417,16 420,13 421,6 423,0 424,6 428,0 429,7 430,18 431,8 432,23 433,11 439,0 447,8 451,7 452,13 455,9 456,0 461,14 463,5 464,0 465,5 466,7 469,22 470,12 471,9 473,7 475,6 477,0 478,7 479,15 480,11 481,0 489,11 490,5 491,6",29.01812,1638.087,2327.018,2497,2614.799,2256.254,1943.051,2208.116,1713.054,1535.854,2449.174,1330.896,2371.377,4435.075,2251.12,2754.705,1834.893,4489.57,1814.317,5065.98,1735.668,3038.662,2828.386,2060.152,1839.186,9900.007,2177.117,3099.923,4690.483,2751.96,4620.024,1962.148,3130.712,2001.312,1893,1901.41,1991.019,2067.211,3581,2195.23,3421.317,1772.643,2234.518,3597.621,9596.4,3415.237,3107.133,11321.64,2745.276,2784.405,4305.704,2033.346,1526.033,2152.509,2243.727,2235.472
"18",18,"Factor #18",55.7284,56,"54,0 55,100 56,12 57,80 58,0 66,0 67,52 69,0 70,6 73,17 74,0 77,36 79,0 80,14 81,17 82,24 83,72 85,24 87,8 88,8 91,80 92,22 93,36 94,40 95,37 96,12 101,7 102,0 103,24 105,104 108,0 109,100 110,16 111,0 115,0 118,0 119,62 121,14 122,28 123,10 124,5 125,12 127,7 128,30 131,0 133,14 134,54 135,42 137,14 138,6 141,34 142,8 143,16 145,46 146,0 147,36 149,23 155,12 157,20 158,8 159,45 160,13 161,92 163,10 165,6 167,6 171,22 172,0 173,106 174,1000 176,13 177,0 178,5 179,5 182,6 185,18 186,8 187,125 188,32 189,16 190,0 194,0 195,8 197,7 199,26 201,8 207,22 208,18 209,16 213,16 214,19 215,8 216,0 219,0 220,20 223,10 225,0 227,22 229,14 230,0 233,0 234,6 235,6 237,0 241,16 242,10 245,0 249,0 253,22 254,14 255,8 256,0 266,0 267,0 269,41 270,0 271,0 273,0 279,10 280,0 281,22 295,0 298,0 311,5 327,0 328,5 329,0 331,8 339,0 340,0 341,7 343,0 353,8 354,20 355,14 356,5 377,0 378,7 381,15 382,16 388,0 396,6 397,8 398,12 403,0 405,8 406,0 415,0 416,0 430,8 431,0",26.78876,53.73609,602.6031,962.2962,589.089,1090.525,429.3047,745.3604,434.5829,502.2074,330.8056,657.3694,904.2612,2147.768,443.002,89.607,687.1416,261.1245,553.1043,3154.482,595.8334,359.1283,1195.413,249.8695,744.998,13335.59,335.9669,323.5791,363.2644,58.28627,5828.149,1344.621,673.331,1451.908,480.8197,754.6533,1911.775,1144.993,3576.256,702.7006,268.2069,160.9402,429.4113,17034,16806.31,333.6304,15801,15974.59,537.7009,619.6977,297.0409,454.9136,1482.197,360.8187,219.9813,258.2376
"19",19,"Factor #19",55.9104,56,"50,10 51,11 52,9 53,52 54,19 55,1000 56,56 57,144 58,14 59,13 60,16 61,17 62,9 63,2 64,6 65,27 66,18 67,283 68,69 69,550 70,54 71,58 72,11 73,26 74,18 75,19 76,12 77,89 78,28 79,309 80,46 81,495 82,155 83,224 84,32 85,68 86,10 87,20 88,16 89,7 90,11 91,356 92,83 93,386 94,100 95,450 96,89 97,187 98,35 99,22 100,8 101,9 102,12 103,32 104,25 105,398 106,89 107,397 108,91 109,245 110,45 111,50 112,16 113,12 114,15 115,39 116,21 117,102 118,54 119,191 120,112 121,190 122,51 123,112 124,35 125,29 126,15 127,13 128,27 129,49 130,25 131,130 132,43 133,94 134,23 135,80 136,27 137,22 138,19 139,13 140,6 141,22 142,21 143,98 144,38 145,167 146,47 147,80 148,26 149,36 150,18 151,16 152,5 153,10 154,17 155,23 156,32 157,77 158,97 159,106 160,52 161,77 162,22 163,38 164,22 165,16 166,5 167,13 168,9 169,53 170,18 171,70 172,34 173,62 174,22 175,42 176,36 177,23 178,15 179,19 180,12 181,10 182,7 183,25 184,20 185,52 186,34 187,67 188,25 189,25 190,22 191,37 192,15 193,22 194,16 195,15 196,9 197,53 198,26 199,77 200,20 201,40 202,35 203,26 204,12 205,13 206,9 207,51 208,28 209,31 210,21 211,203 212,59 213,147 214,49 215,34 216,15 217,24 218,18 219,8 220,8 221,16 222,8 223,13 224,9 225,44 226,34 227,37 228,51 229,254 230,60 231,63 232,28 233,9 234,7 235,6 236,2 237,5 238,6 239,22 240,19 241,24 242,15 243,21 244,21 245,23 246,17 247,6 248,2 249,21 250,14 251,17 252,11 253,57 254,30 255,43 256,37 257,20 258,14 259,7 260,2 261,2 262,6 263,6 264,5 265,25 266,15 267,32 268,13 269,11 270,16 271,82 272,33 273,14 274,3 275,7 276,3 277,5 278,2 279,10 280,9 281,413 282,93 283,34 284,13 285,13 286,8 287,3 288,6 289,1 290,3 291,5 292,1 293,7 294,5 295,12 296,145 297,36 298,11 299,268 300,78 301,13 302,5 303,14 304,3 305,2 306,2 307,2 308,2 309,5 310,8 311,5 312,7 313,12 314,781 315,166 316,21 317,7 318,5 319,1 320,1 321,6 322,0 323,5 324,2 325,16 326,9 327,28 328,13 329,15 330,9 331,19 332,14 333,11 334,7 335,2 336,2 337,3 338,5 339,11 340,5 341,15 342,12 343,15 344,10 345,7 346,20 347,10 348,6 349,6 350,5 351,2 352,2 353,7 354,7 355,21 356,9 357,11 358,6 359,6 360,0 361,0 363,0 365,3 366,3 367,3 368,3 369,3 370,5 371,5 372,2 373,6 374,5 375,5 376,6 377,16 378,6 379,16 380,5 381,8 382,9 383,5 384,6 385,6 386,5 387,7 388,6 389,11 390,10 391,8 392,7 393,7 394,3 395,3 396,5 397,11 398,7 399,9 400,7 401,6 402,8 403,15 404,12 405,19 406,12 407,8 408,5 409,3 410,6 411,3 412,20 413,11 414,13 415,25 416,5 417,19 418,7 419,9 420,2 421,1 422,0 423,1 424,1 425,0 426,1 427,2 428,1 429,15 430,12 431,14 432,6 433,5 434,1 435,1 437,0 439,1 441,2 443,0 447,1 449,0 450,0 451,9 452,7 453,2 454,0 455,5 456,2 457,0 459,0 460,0 461,6 462,1 463,8 464,1 465,6 466,5 467,9 468,1 469,6 470,7 471,6 472,0 473,0 475,5 476,1 477,3 478,6 479,7 480,6 481,7 482,0 488,0 489,2 491,3 492,0 498,0",1638,2631,2638,2565,2150,2004.886,2356,1952,3387,1128,4055,3644.068,7936,3163,1533,2280,1800,2071,9195,8666.036,1776,2764,2268.161,4281,4006.771,2440.505,1917,1799,1547.43,8490,2106,1329,2194,1887.24,3872.783,1946.357,3611.256,2128,4336,1738,1548.644,3810.741,1281,1105.223,2531.732,1396,2869,2652,1179,1593,1434.522,3886,3297.603,564.1586,482.9598,3190
"20",20,"Factor #20",55.9104,56,"50,8 51,14 53,78 55,1000 56,42 57,86 59,8 60,0 62,5 63,0 64,6 66,12 67,366 68,68 69,604 70,33 71,58 72,22 73,17 74,11 75,14 76,10 79,202 80,32 81,568 82,184 83,179 84,26 85,49 87,28 89,24 91,448 92,82 93,441 94,58 95,566 97,116 98,28 99,24 102,21 103,31 104,16 105,242 106,125 107,477 108,58 109,191 110,36 112,5 113,10 114,6 115,18 117,176 118,95 119,296 120,92 121,254 122,32 123,156 124,18 125,13 126,8 127,12 128,15 130,24 131,174 132,71 133,74 135,110 136,28 138,34 139,9 140,0 141,36 142,20 143,80 145,113 146,65 147,64 148,20 149,36 150,10 153,13 154,7 155,22 156,70 158,72 159,76 160,32 161,55 162,16 163,30 164,14 165,8 167,8 168,0 170,18 171,50 172,22 173,98 174,22 175,36 176,7 177,12 178,14 180,8 181,10 182,19 183,38 184,19 185,44 186,59 187,90 188,22 189,18 190,12 193,15 194,8 195,28 196,8 197,40 198,20 199,52 200,14 201,32 202,0 203,20 206,10 207,30 208,0 209,14 212,68 213,38 214,34 215,23 216,22 218,6 220,5 221,7 222,14 224,12 225,57 228,39 230,52 232,41 233,10 234,5 236,6 237,0 238,0 239,36 240,12 241,24 242,22 245,38 246,13 248,5 249,16 251,24 252,0 253,90 254,35 255,67 257,30 258,8 259,12 260,8 261,0 262,0 263,9 265,30 266,10 267,32 268,10 269,26 270,26 271,18 273,10 274,0 275,5 276,8 279,10 280,14 282,118 284,0 285,10 291,8 292,6 293,8 294,0 296,26 297,28 299,313 300,30 301,17 302,6 303,16 304,6 305,9 306,8 307,5 308,0 309,6 310,5 311,5 312,15 313,12 315,18 316,16 320,0 321,0 323,0 325,12 330,20 331,26 332,0 333,5 334,0 336,0 338,0 341,10 342,10 345,14 347,10 348,0 349,0 350,0 351,0 352,0 354,6 356,10 357,8 358,0 362,6 364,5 366,0 367,8 368,5 370,6 372,6 375,6 377,10 379,18 384,0 386,0 388,8 389,6 390,15 391,8 392,12 394,6 395,0 396,16 397,20 401,9 403,35 406,24 407,8 408,0 410,9 411,0 412,40 413,11 414,10 415,15 416,0 417,15 418,6 420,0 421,0 422,0 424,0 429,18 430,9 431,12 432,0 435,6 439,5 441,6 453,0 455,0 459,0 461,10 465,6 467,5 468,0 469,0 471,0 477,8 481,7",92.36966,1371.036,2221.674,2196.108,2127.84,2004.886,1737.787,2089.805,1660.862,2995.564,988.7294,3644.068,1972.282,7413.197,2770.72,1251.248,1807.643,1462.158,1878.869,4344,3912.228,1488.098,2268.161,748.9524,4006.771,2440.505,2262.938,1661.878,1475.74,1022.849,8236.442,1700.633,1091.04,4080,3836.656,1936.691,3451.314,334.1666,1882.93,3835.729,1461.97,3792.811,676.7539,882.7396,2513.025,1660.131,1125.58,2311.385,2217.849,917.2199,1480.238,1785.677,3297.603,402.997,339.4579,721.4143
"21",21,"Factor #21",56.2285,56,"50,0 51,15 52,9 53,21 54,8 55,51 56,11 57,65 58,5 59,17 60,8 61,26 63,12 64,0 65,35 66,0 67,9 68,21 69,43 70,30 71,27 72,17 73,104 74,11 76,5 77,83 78,44 79,106 80,10 81,106 82,74 83,27 84,34 85,102 86,27 87,17 88,12 89,8 90,0 91,293 92,14 93,11 94,8 95,12 96,25 97,22 98,24 99,78 100,40 101,0 102,14 103,94 104,32 105,328 106,100 107,433 108,21 109,0 110,9 111,34 112,52 113,15 114,0 115,30 116,0 117,19 118,24 119,1000 120,117 121,36 122,6 123,0 124,8 125,7 126,0 127,20 128,9 129,129 130,22 131,8 132,24 133,989 134,501 135,487 136,57 137,6 138,5 141,0 142,0 144,8 145,18 146,9 147,9 148,9 149,29 150,61 151,65 152,0 153,0 154,14 156,17 157,12 158,7 159,12 160,0 161,28 162,12 163,0 164,0 165,18 166,21 167,0 168,6 169,0 170,0 171,5 172,7 173,5 174,8 175,7 176,6 177,217 178,24 179,17 180,12 182,6 183,0 184,5 185,0 187,0 189,6 190,15 191,14 192,0 193,9 194,7 195,22 196,5 197,25 198,5 200,0 202,11 203,22 204,11 205,7 206,55 207,123 208,24 209,13 210,5 211,0 212,5 213,0 214,11 216,6 217,0 218,0 219,5 220,41 221,9 222,8 223,0 224,0 225,0 227,5 229,8 230,0 231,0 232,79 233,13 234,0 235,0 236,10 237,27 239,6 240,5 241,15 242,7 243,0 244,0 245,0 246,0 247,5 248,8 249,16 250,0 251,12 252,5 253,33 254,0 255,21 256,0 257,5 258,0 259,0 260,0 261,0 262,0 263,6 265,9 266,9 269,12 270,5 271,0 273,0 274,0 275,0 276,6 277,5 278,6 279,17 280,5 281,17 282,23 284,7 285,5 286,6 288,0 289,0 294,0 295,0 296,5 297,7 298,0 299,0 300,0 301,0 302,0 303,0 304,5 305,0 307,10 308,0 309,7 310,7 311,0 313,6 314,0 315,0 316,10 318,6 319,7 321,0 322,0 323,6 324,9 325,0 326,9 327,55 328,15 329,22 330,9 331,0 332,0 333,15 334,0 336,6 338,0 339,10 341,0 342,12 343,5 346,18 347,7 348,12 351,0 353,49 354,12 355,23 356,0 357,11 358,0 359,7 360,0 365,5 367,0 369,9 370,0 371,12 373,8 374,9 375,9 379,0 382,7 383,6 385,5 387,7 389,14 390,0 391,6 392,5 393,0 395,0 397,0 398,0 399,15 400,9 402,0 403,9 404,0 405,21 406,16 408,9 409,6 410,7 412,0 413,60 414,26 415,28 418,0 419,9 420,0 426,0 427,0 428,0 430,7 431,9 432,8 433,0 435,0 441,0 443,0 449,0 450,0 452,5 454,0 455,5 456,0 457,0 459,0 461,5 462,0 463,0 464,0 465,7 466,0 468,0 469,0 471,0 472,0 473,0 475,0 476,0 478,0 479,12 482,0 491,6 492,0",146.1214,651.6678,1012.709,862.2222,695.3624,483.6666,608.4184,713.8858,639.9717,745.9814,1096.208,666.3997,319.0145,300.0452,943.5617,28809,30101.57,24572,25438.18,536.8784,899.6837,266.6467,3777,2093,2159.628,2197.03,516.3057,348.8958,447.8273,436.4613,353.2324,739.0171,416.5982,696.3426,17982,18683.11,1656.282,639.2331,84.35933,1542.836,183.8321,817.4668,2025.159,525.825,2479.256,172.3011,512.0609,2567.643,527.695,291.7555,294.7069,644.3989,1319.275,748.7303,1528,1554.414
"22",22,"Factor #22",56.2621,56,"50,12 51,15 52,22 53,57 54,30 55,803 56,50 57,95 58,14 59,19 60,33 61,16 62,9 63,7 64,11 65,45 66,19 67,386 68,44 69,334 70,27 71,83 72,16 73,54 74,27 75,10 76,18 77,124 78,41 79,368 80,44 81,1000 82,68 83,366 84,35 85,43 86,20 87,32 88,27 89,16 90,10 91,503 92,34 93,438 94,54 95,241 96,101 97,109 98,31 99,26 100,11 101,7 102,21 103,48 104,20 105,327 106,49 107,446 108,44 109,484 110,63 111,40 112,34 113,16 114,13 115,72 116,27 117,72 118,26 119,177 120,37 121,116 122,24 123,56 124,13 125,23 126,15 127,27 128,50 129,65 130,21 131,62 132,26 133,129 134,84 135,143 136,33 137,49 138,14 139,15 140,10 141,28 142,18 143,45 144,21 145,106 146,32 147,88 148,17 149,34 150,21 151,30 152,17 153,13 154,21 155,55 156,26 157,67 158,46 159,97 160,30 161,175 162,27 163,22 164,18 165,22 166,17 167,9 168,15 169,20 170,15 171,34 172,16 173,443 174,406 175,95 176,27 177,24 178,13 179,24 180,8 181,26 182,15 183,28 184,10 185,37 186,16 187,243 188,48 189,34 190,13 191,50 192,26 193,39 194,16 195,34 196,22 197,38 198,25 199,41 200,16 201,29 202,15 203,11 204,11 205,15 206,7 207,95 208,56 209,51 210,24 211,36 212,9 213,34 214,34 215,26 216,11 217,10 218,7 219,5 220,8 221,22 222,9 223,16 224,15 225,18 226,16 227,79 228,38 229,70 230,10 231,10 232,6 233,5 234,10 235,21 236,14 237,17 238,11 239,22 240,18 241,54 242,106 243,62 244,13 245,6 246,8 247,7 248,9 249,30 250,14 251,35 252,21 253,95 254,57 255,57 256,22 257,9 258,11 259,11 260,5 261,1 262,5 263,9 264,10 265,25 266,13 267,179 268,117 269,681 270,157 271,26 272,7 273,1 274,7 275,1 276,7 277,6 278,11 279,21 280,14 281,58 282,40 283,29 284,23 285,7 286,10 287,7 288,7 289,5 290,1 291,11 292,1 293,8 294,8 295,39 296,104 297,77 298,18 299,9 300,8 301,9 302,5 303,6 304,6 305,12 306,5 307,10 308,7 309,18 310,23 311,12 312,19 313,10 314,5 315,13 316,10 317,10 318,6 319,6 321,5 322,1 323,22 324,8 325,20 326,13 327,32 328,18 329,17 330,14 331,29 332,15 333,15 334,9 335,7 336,8 337,5 338,8 339,10 340,10 341,33 342,21 343,10 344,12 345,15 346,13 347,72 348,30 349,8 350,6 351,7 352,5 353,7 354,5 355,39 356,19 357,23 358,7 359,9 360,1 361,0 362,0 363,0 365,86 366,31 367,10 368,7 369,9 370,6 371,8 372,11 373,6 374,10 375,8 376,8 377,11 378,12 379,11 380,12 381,7 382,10 383,7 384,8 385,8 386,6 387,10 388,11 389,10 390,12 391,18 392,12 393,30 394,13 395,7 396,5 397,12 398,8 399,5 400,6 401,13 402,9 403,12 404,21 405,28 406,18 407,23 408,388 409,129 410,24 411,10 412,8 413,7 414,8 415,18 416,7 417,2 418,9 419,11 420,10 421,0 422,1 423,0 424,0 426,0 427,5 428,1 429,15 430,14 431,16 432,15 433,11 435,1 438,0 439,1 441,1 443,0 445,0 447,0 449,1 451,16 452,5 453,7 454,1 455,2 456,1 459,0 460,0 461,5 462,0 463,1 464,0 465,6 466,10 467,5 468,1 469,8 470,6 471,6 472,0 475,7 476,0 477,11 478,6 479,15 480,9 481,8 482,0 489,5 491,8 492,0",61.00458,624.3557,1752,1582.069,1513,1348,1644,1499.787,1812,1729.058,1368,1190.682,752.5541,495.6924,611.1661,263.5005,8158.382,574.4703,1153,2136,2067.273,1116,1019.781,611.7705,4721,4291.144,842.5088,309.4414,548.7608,825.7658,1161.606,1435.66,1138.689,3230,3051.034,5190.076,1355.336,1142.211,3944,3587.677,640.5579,1389.653,1374,6602,6574.187,346.1068,6148,1482,1286.626,1047.525,1636,2797,2686.662,1728,1628.966,1289
"23",23,"Factor #23",56.3588,56,"50,10 51,8 52,15 53,20 54,0 55,287 56,23 57,162 58,0 59,19 60,9 61,12 62,10 63,8 64,12 65,34 66,9 67,156 68,25 69,145 70,18 71,135 72,12 73,34 74,14 75,6 76,8 77,69 78,14 79,146 80,27 81,152 82,45 83,113 84,36 85,28 86,21 87,5 88,12 89,10 90,12 91,204 92,48 93,231 94,57 95,293 96,72 97,125 98,23 99,15 100,9 101,6 103,43 104,19 105,173 106,71 107,225 108,56 109,255 110,40 111,74 112,18 113,6 114,24 115,21 116,0 117,23 118,27 119,50 120,63 121,184 122,98 123,190 124,1000 125,127 126,17 127,21 128,10 129,11 130,16 131,65 132,18 133,12 134,36 135,134 136,48 137,66 138,18 139,6 140,7 141,15 142,8 143,32 144,12 145,25 146,24 147,95 148,79 149,119 150,13 151,7 152,14 153,6 154,34 155,0 156,19 157,36 158,19 159,31 160,16 161,5 162,24 163,15 164,17 165,14 166,11 167,16 168,11 169,10 170,15 171,23 172,6 173,16 174,14 175,27 176,30 177,20 178,6 179,28 180,9 181,8 182,8 183,18 184,12 185,13 186,8 187,36 188,27 189,12 190,7 191,70 192,50 193,52 194,17 195,32 196,8 197,27 198,9 199,16 200,12 201,22 202,7 203,21 204,6 205,28 206,5 207,89 208,59 209,32 210,24 211,38 212,10 213,21 214,14 215,5 216,16 217,9 218,9 219,6 220,10 221,14 222,10 223,27 224,11 225,17 226,0 227,11 228,17 229,161 230,50 231,9 232,13 233,11 234,8 235,0 236,8 237,11 238,0 239,6 240,7 242,8 243,14 244,14 245,20 246,0 247,8 248,1 249,39 250,29 251,16 252,14 253,59 254,8 255,23 256,11 257,21 258,7 259,0 260,8 261,10 262,12 263,16 264,7 265,15 266,19 267,20 268,24 269,31 270,9 271,49 272,10 273,8 274,80 275,109 276,12 277,8 278,10 279,10 280,14 281,102 282,40 283,31 284,7 285,13 286,8 287,6 288,8 289,12 290,8 291,1 292,1 293,0 294,7 295,19 296,7 297,11 298,11 299,32 300,19 301,10 302,7 303,0 304,6 305,9 306,0 307,0 308,0 309,5 310,9 311,0 312,6 313,25 314,28 315,42 316,7 317,15 318,7 319,0 320,0 321,5 323,10 324,6 325,16 326,9 327,30 328,30 329,12 330,15 331,8 332,27 333,23 334,8 335,7 336,9 337,7 338,0 339,20 340,16 341,5 342,26 343,21 344,8 345,7 346,16 347,12 348,15 349,7 350,0 351,0 352,0 353,5 354,11 355,35 356,34 357,27 358,9 359,12 360,1 361,0 362,0 364,0 365,14 366,8 367,6 368,0 369,14 370,9 371,13 372,1 373,1 374,15 375,5 376,5 377,19 378,0 379,13 380,13 381,10 382,6 383,8 384,18 385,7 386,0 387,8 388,9 389,9 390,12 391,8 392,0 393,0 394,7 395,5 396,0 397,9 398,117 399,32 400,12 402,0 403,5 404,0 405,23 406,18 407,11 408,5 409,6 410,0 411,0 412,0 413,6 414,0 415,26 416,10 417,21 418,13 419,19 420,8 422,1 426,0 427,0 428,8 429,24 430,15 431,29 432,14 433,6 434,0 435,0 437,0 439,0 441,10 449,1 450,0 451,15 452,11 453,7 454,0 455,5 456,6 457,0 459,0 461,14 462,0 463,10 464,0 465,10 466,11 467,0 468,9 469,0 470,1 471,1 475,14 476,0 477,8 478,9 479,24 480,8 481,8 487,0 489,5 491,8 492,0",46.50876,620.4431,998.5256,1039.659,1199.18,1250.187,990.393,1330.839,629.1781,476.8312,498.1142,306.8618,388.1422,1882,1852.884,347.2394,601.4076,963.9148,481.7331,712.358,715.6772,318.9862,460.3424,330.3257,4203,1965,1852.035,504.4449,1009.477,746.6446,738.9226,1611,1545.854,172.3719,395.6278,412.301,230.5864,1772.455,880.9782,445.1651,601.2689,714.9355,596.9314,5146,5242.009,689.5154,1072.601,5125.36,1598,1575.841,1499.274,286.6437,306.1416,1848.611,1968.471,2222
"24",24,"Factor #24",56.3601,56,"50,15 51,13 52,0 53,26 54,19 55,269 56,20 57,117 58,8 59,10 60,25 61,7 62,0 64,18 65,23 66,8 67,125 68,13 69,65 70,11 71,119 72,19 73,29 74,24 76,11 77,38 79,103 80,18 81,123 83,64 84,25 85,32 86,9 87,25 88,19 89,18 91,93 92,13 93,80 94,26 95,205 96,30 97,133 98,23 99,41 100,8 101,12 102,14 103,53 104,10 105,92 106,70 107,133 108,49 109,41 110,60 111,51 113,21 114,18 115,17 116,22 117,40 118,19 119,40 120,51 121,100 122,74 123,136 124,1000 125,45 126,18 128,7 129,14 130,25 132,16 133,15 134,38 135,13 136,25 137,54 138,10 139,13 141,8 142,10 143,17 144,17 145,10 146,13 147,166 148,20 149,122 150,0 151,0 152,6 153,14 155,13 156,50 157,39 158,18 159,18 160,0 161,23 162,20 163,24 165,8 166,13 167,6 168,7 169,9 170,10 171,11 172,17 173,14 174,17 175,26 176,35 178,5 179,30 180,5 181,12 182,11 183,8 184,10 185,16 186,24 187,13 188,15 189,10 190,6 191,0 192,5 193,38 195,49 196,7 197,9 200,13 201,34 202,17 203,10 204,12 205,21 206,28 207,64 208,132 209,57 210,29 211,34 212,24 213,9 214,6 215,17 216,16 218,8 219,14 220,0 221,23 222,9 223,12 224,17 225,14 226,13 227,25 228,8 229,197 230,51 231,19 232,8 233,9 234,0 235,6 236,5 237,15 238,0 239,0 240,8 241,7 242,9 243,0 244,8 245,0 246,8 249,33 250,18 251,10 252,8 253,50 254,14 255,10 256,0 257,24 258,0 259,15 260,14 261,29 262,20 263,0 264,6 265,44 266,10 267,20 268,27 269,19 270,7 271,29 272,18 273,18 274,116 275,105 276,34 277,12 278,0 280,6 281,58 282,38 283,48 284,14 285,5 286,9 287,6 288,0 289,7 291,0 292,5 293,18 294,7 295,11 296,25 297,0 298,5 299,15 300,30 301,8 302,0 303,5 305,0 306,5 308,5 309,9 310,14 311,7 312,6 313,40 314,34 315,48 316,17 317,0 318,0 319,0 321,0 323,14 324,10 325,18 326,9 327,0 328,23 329,26 330,24 331,15 332,19 333,13 335,5 336,5 337,0 338,9 340,7 341,65 342,7 343,17 345,11 346,15 347,11 348,7 352,0 353,5 354,0 355,11 356,56 357,45 358,26 359,0 361,10 366,13 368,8 371,21 372,17 373,21 375,8 376,9 377,28 378,17 379,14 380,6 381,13 383,23 384,15 385,8 386,5 387,5 388,10 389,11 390,13 391,8 393,14 394,8 395,0 396,0 397,11 398,141 399,12 400,22 402,11 404,6 405,21 406,13 407,23 409,7 410,8 411,5 412,9 413,0 414,0 415,21 416,16 417,12 419,15 420,8 429,8 430,16 431,15 432,16 433,5 439,0 440,0 441,16 447,0 449,10 451,11 452,0 453,9 461,15 463,0 464,0 465,7 466,8 467,0 468,8 469,7 471,14 475,11 476,8 477,0 478,14 479,8 480,0 481,7 489,0 491,9",59.60064,604.2052,998.5256,1104.633,1224.292,1371.151,990.393,1530.518,629.1781,393.6886,558.5206,317.985,352.8917,600.9334,1856.795,324.7027,407.9946,963.9148,445.9729,686.9736,715.6772,296.643,458.6653,379.4387,476.1181,4691.797,1852.035,504.4449,1060.181,772.7773,710.531,401.3913,1567.661,249.2296,371.3405,302.0317,537.3707,1772.455,841.567,921.9756,601.2689,714.9355,2075,1926.48,5089.842,710.0935,1216.398,5125.36,579.954,1575.841,1479.277,612.4451,2037,2158,1985.781,569.8573
